{"stats":{"minecraft:killed":{"minecraft:sheep":2,"minecraft:pig":4},"minecraft:mined":{"minecraft:grass":7,"minecraft:grass_block":1,"minecraft:tall_grass":2,"minecraft:dandelion":4,"minecraft:oxeye_daisy":3,"minecraft:azure_bluet":1},"minecraft:used":{"minecraft:oxeye_daisy":3,"minecraft:dandelion":4,"minecraft:azure_bluet":1},"minecraft:dropped":{"minecraft:wheat_seeds":1},"minecraft:custom":{"minecraft:open_chest":7,"minecraft:time_since_rest":6949,"minecraft:play_time":6949,"minecraft:sprint_one_cm":29350,"minecraft:walk_one_cm":26946,"minecraft:sneak_time":8,"minecraft:mob_kills":6,"minecraft:drop":1,"minecraft:jump":38,"minecraft:damage_dealt":560,"minecraft:leave_game":6,"minecraft:time_since_death":6949,"minecraft:total_world_time":6949,"minecraft:fall_one_cm":209,"minecraft:fly_one_cm":9968},"minecraft:picked_up":{"minecraft:azure_bluet":1,"minecraft:wheat_seeds":1,"minecraft:dandelion":4,"minecraft:porkchop":6,"minecraft:mutton":3,"minecraft:dirt":1,"minecraft:white_wool":2,"minecraft:oxeye_daisy":3}},"DataVersion":3465}