{"stats":{"minecraft:mined":{"minecraft:grass":1,"minecraft:chest":1,"minecraft:tall_grass":1},"minecraft:used":{"jujutsucraft:uniform_normal_leggings":1,"jujutsucraft:hair_fushiguro_megumi_helmet":1,"jujutsucraft:uniform_normal_boots":1,"jujutsucraft:uniform_normal_chestplate":1},"minecraft:dropped":{"minecraft:potato":1,"minecraft:carrot":2,"minecraft:cake":1,"minecraft:poisonous_potato":3,"minecraft:chest":1},"minecraft:custom":{"minecraft:time_since_rest":3606,"minecraft:open_chest":9,"minecraft:play_time":3606,"minecraft:sprint_one_cm":23525,"minecraft:damage_taken":40,"minecraft:walk_one_cm":15885,"minecraft:drop":8,"minecraft:jump":104,"minecraft:leave_game":1,"minecraft:time_since_death":3606,"minecraft:climb_one_cm":242,"minecraft:total_world_time":3606,"minecraft:fly_one_cm":47858,"minecraft:fall_one_cm":3570},"minecraft:picked_up":{"minecraft:potato":1,"minecraft:poisonous_potato":3,"minecraft:cake":1,"minecraft:carrot":2,"minecraft:chest":1}},"DataVersion":3465}